id,produto,quantidade,preço,data
1,luminária LED,10,120.00,01/07/2024
2,tapete de sala,4,300.00,02/07/2024
3,poltrona reclinável,2,1500.00,03/07/2024
4,mesa de centro,3,700.00,04/07/2024
5,sofá 3 lugares,1,2500.00,05/07/2024
6,cama king size,2,3500.00,06/07/2024
7,guarda-roupa 6 portas,1,4000.00,07/07/2024
8,criado-mudo,4,450.00,08/07/2024
9,cômoda 5 gavetas,3,1200.00,09/07/2024
10,estante modular,2,1800.00,10/07/2024
11,escrivaninha,5,900.00,11/07/2024
12,cadeira de escritório,6,750.00,12/07/2024
13,prateleira de parede,8,200.00,13/07/2024
14,banqueta alta,7,350.00,14/07/2024
15,móvel bar,2,2300.00,15/07/2024
16,tapete higiênico pet,15,60.00,16/07/2024
17,cama para cachorro,10,250.00,17/07/2024
18,comedouro automático,5,180.00,18/07/2024
19,arranhador para gato,8,300.00,19/07/2024
20,caixa de transporte,6,150.00,20/07/2024
21,coleira anti-pulgas,20,75.00,21/07/2024
22,roupa para cachorro,12,90.00,22/07/2024
23,piscina inflável,3,1000.00,23/07/2024
24,chuveiro elétrico,7,250.00,24/07/2024
25,kit de ferramentas,8,350.00,25/07/2024
26,parafusadeira,4,600.00,26/07/2024
27,fita isolante,25,10.00,27/07/2024
28,chave de fenda,15,30.00,28/07/2024
29,furadeira de impacto,3,800.00,29/07/2024
30,serra tico-tico,2,550.00,30/07/2024
31,serrote,10,70.00,31/07/2024
32,alicate de pressão,7,120.00,01/08/2024
33,trena,20,25.00,02/08/2024
34,marreta,5,80.00,03/08/2024
35,broca para concreto,15,20.00,04/08/2024
36,cimento,50,25.00,05/08/2024
37,areia fina,100,20.00,06/08/2024
38,bloco de concreto,200,3.00,07/08/2024
39,tijolo baiano,300,2.00,08/08/2024
40,cimento cola,30,40.00,09/08/2024
41,rejunte,20,15.00,10/08/2024
42,porcelanato,50,90.00,11/08/2024
43,cerâmica,70,60.00,12/08/2024
44,banheira de hidromassagem,1,4500.00,13/08/2024
45,torneira gourmet,6,650.00,14/08/2024
46,lavabo,2,1200.00,15/08/2024
47,armário de cozinha,3,3000.00,16/08/2024
48,pia de mármore,2,2000.00,17/08/2024
49,cuba de inox,4,700.00,18/08/2024
50,coifa de parede,3,1800.00,19/08/2024
51,depurador de ar,4,500.00,20/08/2024
52,geladeira side by side,1,7000.00,21/08/2024
53,freezer horizontal,2,3500.00,22/08/2024
54,liquidificador industrial,2,800.00,23/08/2024
55,processador de alimentos,6,1200.00,24/08/2024
56,pipoqueira elétrica,10,150.00,25/08/2024
57,batedeira planetária,4,1000.00,26/08/2024
58,climatizador evaporativo,6,800.00,27/08/2024
59,aquecedor a óleo,5,700.00,28/08/2024
60,ventilador de coluna,7,200.00,29/08/2024
61,purificador de ar,8,900.00,30/08/2024
62,balança de cozinha,15,70.00,31/08/2024
63,cortador de grama,3,1200.00,01/09/2024
64,roçadeira,2,1800.00,02/09/2024
65,jogo de jardinagem,10,350.00,03/09/2024
66,kit de irrigação,7,600.00,04/09/2024
67,compostagem doméstica,4,500.00,05/09/2024
68,serra elétrica,3,1500.00,06/09/2024
69,motosserra,2,2500.00,07/09/2024
70,mangueira de jardim,20,80.00,08/09/2024
71,rolo de pintura,12,40.00,09/09/2024
72,papel de parede,8,300.00,10/09/2024
73,tinta acrílica,15,250.00,11/09/2024
74,verniz,10,120.00,12/09/2024
75,desempenadeira,20,30.00,13/09/2024
76,pá de pedreiro,25,25.00,14/09/2024
77,balde de 10 litros,30,15.00,15/09/2024
78,espátula,40,20.00,16/09/2024
79,espelho de parede,5,400.00,17/09/2024
80,guarda-chuva,12,50.00,18/09/2024
81,capa de chuva,15,70.00,19/09/2024
82,corta vento,8,120.00,20/09/2024
83,bicicleta elétrica,3,3500.00,21/09/2024
84,patinete elétrico,2,2500.00,22/09/2024
85,moto elétrica,1,10000.00,23/09/2024
86,capa de banco automotivo,10,200.00,24/09/2024
87,tapete automotivo,12,120.00,25/09/2024
88,kit de limpeza automotiva,15,180.00,26/09/2024
